{
  "classes": [
  {
      "type_name": "8K资源合集",
      "type_id": "8K"
    },
    {
      "type_name": "热舞8K",
      "type_id": "热舞8K"
    },
    {
      "type_name": "制服美女8K",
      "type_id": "制服美女8K"
    },
   {
      "type_name": "影视歌曲8K",
      "type_id": "影视歌曲8K"
    },
    {
      "type_name": "性感小姐姐8K",
      "type_id": "性感小姐姐8K"
    },
    {
      "type_name": "3D动漫8K",
      "type_id": "3D动漫8K"
    },
    {
      "type_name": "风景8K",
      "type_id": "风景8K"
    }

    ],


"cookie": "https://agit.ai/30215429/TVBox/raw/branch/master/bilibili/cookie.txt",

  "filter": {"8K": [
{"key": "order","name": "排序","value": [
{"n": "综合排序","v": "0"},
{"n": "最多点击","v": "click"},
{"n": "最新发布","v": "pubdate"},
{"n": "最多弹幕","v": "dm"},
{"n": "最多收藏","v": "stow"}
]
},
  {"key": "tid","name": "分类","value": [
          {
            "n": "热舞8K",
            "v": "热舞8K"
          },
           {
            "n": "制服美女8K",
            "v": "制服美女8K"
          },
          {
            "n": "影视歌曲8K",
            "v": "影视歌曲8K"
            },
           {
            "n": "性感小姐姐8K",
            "v": "性感小姐姐8K"
          },
          {
            "n": "3D动漫8K",
            "v": "3D动漫8K"
          },
          {
            "n": "风景8K",
            "v": "风景8K"
          }
            ]
            },

{"key": "duration","name": "时长","value": [
{"n": "全部时长","v": "0"},
{"n": "60分钟以上","v": "4"},
{"n": "30~60分钟","v": "3"},
{"n": "10~30分钟","v": "2"},
{"n": "10分钟以下","v": "1"}

]}]
}}
