{
  "classes": [

    
 {
      "type_name": "VLOOKUP",
      "type_id": "VLOOKUP"
    },
    {
      "type_name": "VLOOKUP技巧",
      "type_id": "VLOOKUP技巧"
    },
    {
      "type_name": "VLOOKUP教程",
      "type_id": "VLOOKUP教程"
    },
    {
      "type_name": "VLOOKUP公式",
      "type_id": "VLOOKUP公式"
    },
    {
      "type_name": "VLOOKUP常用",
      "type_id": "VLOOKUP常用"
    },
    {
      "type_name": "VLOOKUP组合",
      "type_id": "VLOOKUP组合"
    },

 {
      "type_name": "VLOOKUP视频",
      "type_id": "VLOOKUP视频"
    },
    {
      "type_name": "VLOOKUP高级",
      "type_id": "VLOOKUP高级"
    },
    {
      "type_name": "VLOOKUP用法",
      "type_id": "VLOOKUP用法"
    },
    {
      "type_name": "数据透视表",
      "type_id": "数据透视表"
    },
    {
      "type_name": "数据透视表高阶用法",
      "type_id": "数据透视表高阶用法"
    },
    {
      "type_name": "数据透视表技巧",
      "type_id": "数据透视表技巧"
    }
  ],
  
"cookie": "https://agit.ai/30215429/TVBox/raw/branch/master/bilibili/cookie.txt",
  
  
  "filter": {
    "搞笑": [
      {
        "key": "duration",
        "name": "时长",
        "value": [
          {
            "n": "全部",
            "v": "0"
          },
          {
            "n": "60分钟以上",
            "v": "4"
          },
          {
            "n": "30~60分钟",
            "v": "3"
          },
          {
            "n": "10~30分钟",
            "v": "2"
          },
          {
            "n": "10分钟以下",
            "v": "1"
          }
        ]
      }
    ]
  }
}